order_id,date,created_at,customer_id(fk),dlvry_adrs,total_price
ORD001,2023-02-01,16:30:11,CUS0092,238 Brookley Avenue Southwest,NA
ORD002,2023-02-01,17:42:39,CUS00451,502 Main Street,15
ORD003,2023-02-01,17:49:36,CUS00147,5 Westlund Avenue,15
ORD004,2023-02-01,12:11:31,CUS00168,8064 Claytie Circle,33
ORD005,2023-02-01,12:41:13,CUS00178,1628 Button Bay Road,15
ORD006,2023-02-01,20:54:01,CUS00324,16031 West 63rd Lane,49
ORD007,2023-02-01,12:12:36,CUS00180,3104 Southwest 46th Street,33
ORD008,2023-02-01,10:05:43,CUS008,3959 Fairlands Drive,15
ORD009,2023-02-01,17:13:44,CUS00123,135 Northshore Drive,69
ORD0010,2023-02-01,12:39:10,CUS0045,8666 Iris Street,31
ORD0011,2023-02-01,14:49:12,CUS00369,503 Early Street,32
ORD0012,2023-02-01,14:19:36,CUS00139,10383 Eagle River Lane,51
ORD0013,2023-02-01,13:44:35,CUS0071,257 Broadway,32
ORD0014,2023-02-01,16:17:28,CUS00238,306 East Lafayette Street,54
ORD0015,2023-02-01,14:32:40,CUS00444,913 Fallview Trail,31
ORD0016,2023-02-01,10:56:52,CUS00298,8376 Albacore Drive,16
ORD0017,2023-02-01,17:38:57,CUS00252,2936 State Avenue,52
ORD0018,2023-02-01,12:11:00,CUS0065,89 Frances Drive,70
ORD0019,2023-02-01,11:54:03,CUS0061,7453 West Melinda Lane,49
ORD0020,2023-02-01,20:15:06,CUS00389,1189 Northwest End Avenue,17
ORD0021,2023-02-01,18:27:06,CUS00342,3782 North Front Street,15
ORD0022,2023-02-01,12:27:19,CUS00381,1649 Timberridge Court,47
ORD0023,2023-02-01,12:58:48,CUS00153,903 Mallard Creek Road,15
ORD0024,2023-02-01,17:13:38,CUS00177,20 Garfield Street,16
ORD0025,2023-02-01,14:46:33,CUS008,3959 Fairlands Drive,35
ORD0026,2023-02-01,19:13:34,CUS00124,1816 U Place Southeast,16
ORD0027,2023-02-01,19:12:08,CUS00355,407 Morse Street Northeast,20
ORD0028,2023-02-01,15:48:18,CUS0061,3114 West 20th Court,51
ORD0029,2023-02-01,20:51:31,CUS0026,10826 Pointe Royal Drive,53
ORD0030,2023-02-01,11:15:20,CUS00221,3469 North Par Court,49
ORD0031,2023-02-01,14:04:23,CUS00280,2310 Donleigh Court,69
ORD0032,2023-02-01,13:40:38,CUS00397,619 West 19th Avenue,49
ORD0033,2023-02-01,19:02:34,CUS00295,3079 North Bentley Ridge,15
ORD0034,2023-02-01,14:12:09,CUS00359,661 West Corinth Road,38
ORD0035,2023-02-01,20:37:38,CUS0085,467 Biscayne Avenue Northwest,15
ORD0036,2023-02-01,14:44:08,CUS0042,1744 Shoreham Drive,64
ORD0037,2023-02-01,13:54:07,CUS00215,57 Bremer Drive,54
ORD0038,2023-02-01,13:10:51,CUS00186,7030 West Krall Street,69
ORD0039,2023-02-01,14:06:43,CUS0042,7912 Depew Street,35
ORD0040,2023-02-01,12:17:09,CUS00448,1217 Cottondale Road,50
ORD0041,2023-02-01,18:10:03,CUS0019,63 Columbia Drive,32
ORD0042,2023-02-01,10:56:15,CUS0039,6702 Johnny Mercer Boulevard,39
ORD0043,2023-02-01,16:38:13,CUS00120,17020 West 64th Drive,19
ORD0044,2023-02-01,20:23:27,CUS00376,1819 Q Street Southeast,48
ORD0045,2023-02-01,10:24:52,CUS00398,606 Spence Enclave Way,67
ORD0046,2023-02-01,19:43:50,CUS00191,6030 Newland Street,17
ORD0047,2023-02-01,19:47:31,CUS00385,4316 Sunnybrook Drive,67
ORD0048,2023-02-01,18:14:00,CUS00164,2802 US Highway 98,20
ORD0049,2023-02-01,19:37:58,CUS00342,3782 North Front Street,37
ORD0050,2023-02-01,20:01:35,CUS00240,3420 Horseshoe Circle,68
ORD0051,2023-02-01,17:46:54,CUS00124,1816 U Place Southeast,36
ORD0052,2023-02-01,11:34:45,CUS00262,2505 Southwest 43rd Street,34
ORD0053,2023-02-01,12:13:28,CUS00140,4 Glen Circle,17
ORD0054,2023-02-01,16:57:50,CUS00149,26 Wetherell Street,50
ORD0055,2023-02-01,17:35:20,CUS00201,616 Bush Hill Road,33
ORD0056,2023-02-01,14:43:50,CUS00205,606 National Street,65
ORD0057,2023-02-01,15:40:21,CUS0074,8848 North New World Drive,49
ORD0058,2023-02-01,14:55:34,CUS00467,401 East Northern Lights Boulevard,31
ORD0059,2023-02-01,16:06:40,CUS0017,77 Shadow Brook Estates,34
ORD0060,2023-02-01,12:02:13,CUS00118,145 Grau Drive,19
ORD0061,2023-02-01,12:16:20,CUS00382,6740 Dickerson Drive,32
ORD0062,2023-02-01,20:56:29,CUS00248,31 Baileys Mills Road,30
ORD0063,2023-02-01,12:25:40,CUS00239,13 Riverview Avenue,35
ORD0064,2023-02-01,11:35:03,CUS00383,14 Short Circle,31
ORD0065,2023-02-01,12:52:52,CUS00247,804 Old Coach Place,55
ORD0066,2023-02-01,10:07:36,CUS00226,2716 Fairmont Drive,17
ORD0067,2023-02-01,12:57:11,CUS0018,600 Crosby Boulevard,19
ORD0068,2023-02-01,11:30:09,CUS0059,15082 North 59th Avenue,34
ORD0069,2023-02-01,10:52:20,CUS00111,1911 East 58th Avenue,35
ORD0070,2023-02-01,19:41:10,CUS00420,1636 Briarview Court,63
ORD0071,2023-02-01,20:45:39,CUS00234,243 West Haven Drive,19
ORD0072,2023-02-01,17:21:08,CUS00319,75 Calfoster Drive,51
ORD0073,2023-02-01,10:18:28,CUS00230,3810 Camp Ground Road,34
ORD0074,2023-02-01,18:33:00,CUS00204,1424 Winter Avenue,35
ORD0075,2023-02-01,17:13:57,CUS00237,6431 Shattuck Avenue,15
ORD0076,2023-02-01,17:16:02,CUS0026,10826 Pointe Royal Drive,68
ORD0077,2023-02-01,13:24:45,CUS0070,38 Bruce Road,31
ORD0078,2023-02-01,12:08:51,CUS00114,171 Tolland Turnpike,48
ORD0079,2023-02-01,18:49:49,CUS00179,9605 West 62nd Place,30
ORD0080,2023-02-01,16:23:51,CUS00426,938 Elkridge Landing Road,16
ORD0081,2023-02-01,13:42:04,CUS00282,15010 North 59th Avenue,36
ORD0082,2023-02-01,11:00:38,CUS00324,23 North Hill Street,48
ORD0083,2023-02-01,11:38:08,CUS00255,44 Colonial Road,16
ORD0084,2023-02-01,16:06:00,CUS00118,3813 Vanguard Drive,66
ORD0085,2023-02-01,12:26:10,CUS0077,227 West Montgomery Cross Road,20
ORD0086,2023-02-01,16:31:44,CUS0068,540 East Appleby Road,70
ORD0087,2023-02-01,17:33:12,CUS00353,3301 Nora Lane,51
ORD0088,2023-02-01,18:51:25,CUS00274,73455 Twentynine Palms Highway,35
ORD0089,2023-02-01,20:02:18,CUS00200,7809 Highway 2302,49
ORD0090,2023-02-01,12:57:25,CUS00309,46710 Crawford Street,66
ORD0091,2023-02-01,11:02:01,CUS00259,351 Porter Street,48
ORD0092,2023-02-01,13:45:51,CUS0082,984 Greendale Avenue,36
ORD0093,2023-02-01,11:36:02,CUS00459,11113 North Miller Avenue,18
ORD0094,2023-02-01,11:49:33,CUS00190,12 Red Fox Drive,15
ORD0095,2023-02-01,12:03:28,CUS00374,6601 North 62nd Avenue,18
ORD0096,2023-02-01,16:22:07,CUS00412,5529 East Saddleridge Drive,20
ORD0097,2023-02-01,18:18:03,CUS0040,841 Whittier Hill Road,50
ORD0098,2023-02-01,20:55:03,CUS00446,3505 Richmond Avenue,54
ORD0099,2023-02-01,18:46:16,CUS0018,108 East 11th Avenue,52
ORD00100,2023-02-01,12:08:12,CUS0058,8101 Northwind Avenue,20
ORD00101,2023-02-01,15:51:07,CUS00447,3180 Parthenon Avenue,32
ORD00102,2023-02-01,12:43:22,CUS0039,6702 Johnny Mercer Boulevard,19
ORD00103,2023-02-01,13:12:43,CUS00162,328 Missouri Avenue Northwest,59
ORD00104,2023-02-01,12:39:23,CUS00201,616 Bush Hill Road,62
ORD00105,2023-02-01,13:58:03,CUS0033,7030 Cotton Blossom Lane,36
ORD00106,2023-02-01,15:32:03,CUS00181,28 Wilfred Road,73
ORD00107,2023-02-01,18:57:04,CUS00467,401 East Northern Lights Boulevard,58
ORD00108,2023-02-01,15:13:35,CUS00239,6473 Zephyr Street,15
ORD00109,2023-02-01,10:53:00,CUS00262,2464 Windham Hill Road,16
ORD00110,2023-02-01,20:48:55,CUS00305,2044 Bullard Street,32
ORD00111,2023-02-01,20:10:01,CUS00393,4339 Benning Road Northeast,69
ORD00112,2023-02-01,15:22:20,CUS00164,5 Winslow Circle,36
ORD00113,2023-02-01,11:08:42,CUS00415,1238 Roanwood Way,15
ORD00114,2023-02-01,14:17:44,CUS00112,733 East DeRenne Avenue,73
ORD00115,2023-02-01,14:43:32,CUS00340,3620 Bentfield Drive,64
ORD00116,2023-02-01,10:04:03,CUS00180,3104 Southwest 46th Street,33
ORD00117,2023-02-01,12:03:18,CUS00394,517 Copperfield Way,33
ORD00118,2023-02-01,18:10:09,CUS00112,733 East DeRenne Avenue,68
ORD00119,2023-02-01,12:19:05,CUS00300,4231 Miramonte Way,31
ORD00120,2023-02-01,20:15:03,CUS0090,310 Timrod Road,17
ORD00121,2023-02-01,15:51:19,CUS0094,7613 Yule Court,35
ORD00122,2023-02-01,12:11:40,CUS00290,1900 Lincoln Street,31
ORD00123,2023-02-01,17:01:42,CUS00113,77 Shadow Brook Estates,54
ORD00124,2023-02-01,10:49:40,CUS00246,5311 Chenoweth Park Lane,71
ORD00125,2023-02-01,19:53:01,CUS00119,9545 West 74th Avenue,62
ORD00126,2023-02-01,19:26:52,CUS00116,1516 Buchanan Street Northwest,52
ORD00127,2023-02-01,20:55:39,CUS00440,325 Baxter Lane,50
ORD00128,2023-02-01,11:54:31,CUS00286,10110 Landwood Drive,33
ORD00129,2023-02-01,20:20:25,CUS00103,451 East Street,50
ORD00130,2023-02-01,10:38:32,CUS00191,6030 Newland Street,35
ORD00131,2023-02-01,19:55:28,CUS00161,20375 Wisteria Street,15
ORD00132,2023-02-01,14:48:47,CUS0092,3147 West Old Farmington Road,71
ORD00133,2023-02-01,16:45:29,CUS00351,6262 29th Street Northwest,31
ORD00134,2023-02-01,15:45:28,CUS00173,7701 Taylor Oaks Circle,73
ORD00135,2023-02-01,18:42:33,CUS00291,33 Chesapeake Mobile Court,37
ORD00136,2023-02-01,12:44:31,CUS0083,227 West Montgomery Cross Road,47
ORD00137,2023-02-01,14:47:47,CUS00475,3340 Woodpark Drive,55
ORD00138,2023-02-01,11:39:25,CUS00352,6208 Ingalls Street,17
ORD00139,2023-02-01,16:47:49,CUS0039,6702 Johnny Mercer Boulevard,76
ORD00140,2023-02-01,14:05:07,CUS00210,481 East Redbud Lane,16
ORD00141,2023-02-01,20:07:59,CUS00304,270 Chrissy's Court,51
ORD00142,2023-02-01,13:08:33,CUS00181,28 Wilfred Road,74
ORD00143,2023-02-01,11:47:22,CUS00147,5 Westlund Avenue,18
ORD00144,2023-02-01,17:50:31,CUS00261,1528 Stafford Avenue,18
ORD00145,2023-02-01,13:50:05,CUS00244,18 Curry Lane,20
ORD00146,2023-02-01,17:55:40,CUS0085,467 Biscayne Avenue Northwest,46
ORD00147,2023-02-01,14:44:31,CUS00105,145 Great Western Road,37
ORD00148,2023-02-01,15:55:53,CUS00168,8064 Claytie Circle,71
ORD00149,2023-02-01,15:06:03,CUS0012,3811 W Street Southeast,0
ORD00150,2023-02-01,10:17:57,CUS00184,126 Sunshine Road,19
ORD00151,2023-02-01,15:56:59,CUS0083,227 West Montgomery Cross Road,50
ORD00152,2023-02-01,16:22:13,CUS0086,249 Progress Drive,48
ORD00153,2023-02-01,16:09:42,CUS00446,3505 Richmond Avenue,31
ORD00154,2023-02-01,20:27:04,CUS00385,1238 Roanwood Way,36
ORD00155,2023-02-01,19:27:22,CUS00387,14006 Coffee Bluff Road,49
ORD00156,2023-02-01,17:24:55,CUS00400,1275 South Holland Drive,36
ORD00157,2023-02-01,15:50:26,CUS00192,3516 North Virginia Avenue,49
ORD00158,2023-02-01,16:35:45,CUS00304,270 Chrissy's Court,49
ORD00159,2023-02-01,19:28:17,CUS0026,10826 Pointe Royal Drive,47
ORD00160,2023-02-01,20:27:30,CUS00124,1816 U Place Southeast,16
ORD00161,2023-02-01,10:27:54,CUS00467,5725 Medallion Court,32
ORD00162,2023-02-01,20:43:44,CUS00258,7309 Live Oak Court,0
ORD00163,2023-02-01,15:45:56,CUS00182,57 Bremer Drive,20
ORD00164,2023-02-01,12:28:27,CUS00235,8934 Arrowrock Trail,32
ORD00165,2023-02-01,20:19:14,CUS0040,841 Whittier Hill Road,33
ORD00166,2023-02-01,16:24:54,CUS00220,214 South End Road,50
ORD00167,2023-02-01,12:48:30,CUS0010,211 Oak Street,52
ORD00168,2023-02-01,16:07:03,CUS00294,5119 West Columbine Drive,47
ORD00169,2023-02-01,18:59:42,CUS0033,7030 Cotton Blossom Lane,20
ORD00170,2023-02-01,15:28:18,CUS00234,243 West Haven Drive,16
ORD00171,2023-02-01,11:57:48,CUS00174,5144 Cattail Court,50
ORD00172,2023-02-01,11:06:10,CUS00299,4316 Sunnybrook Drive,65
ORD00173,2023-02-01,13:57:27,CUS00244,18 Curry Lane,15
ORD00174,2023-02-01,18:16:40,CUS0060,11140 West 60th Avenue,19
ORD00175,2023-02-01,15:50:22,CUS00195,7100 Old Seward Highway,54
ORD00176,2023-02-01,13:47:09,CUS00393,4339 Benning Road Northeast,46
ORD00177,2023-02-01,16:25:19,CUS00414,224 Charter Oak Street,34
ORD00178,2023-02-01,16:37:53,CUS00208,768 North Main Street,16
ORD00179,2023-02-01,18:23:44,CUS0077,227 West Montgomery Cross Road,18
ORD00180,2023-02-01,15:40:24,CUS0036,108 East 11th Avenue,66
ORD00181,2023-02-01,13:51:09,CUS0073,1623 Mines Road,32
ORD00182,2023-02-01,20:19:59,CUS00261,1528 Stafford Avenue,35
ORD00183,2023-02-01,18:22:16,CUS00224,9605 West 62nd Place,15
ORD00184,2023-02-01,15:14:31,CUS0075,3100 Don Juan Court,0
ORD00185,2023-02-01,12:36:57,CUS00350,12061 Johns Road,16
ORD00186,2023-02-01,14:45:08,CUS00383,14 Short Circle,15
ORD00187,2023-02-01,17:22:14,CUS00307,2815 Blueridge Place,36
ORD00188,2023-02-01,11:58:33,CUS00119,9545 West 74th Avenue,68
ORD00189,2023-02-01,19:14:11,CUS00473,7431 Candace Way,45
ORD00190,2023-02-01,16:18:43,CUS00415,1238 Roanwood Way,16
ORD00191,2023-02-01,11:49:57,CUS00214,1732 27th Avenue,37
ORD00192,2023-02-01,16:17:19,CUS00191,6030 Newland Street,49
ORD00193,2023-02-01,18:46:10,CUS005,8666 Iris Street,50
ORD00194,2023-02-01,10:02:07,CUS00293,4604 West 19th Court,64
ORD00195,2023-02-01,15:41:16,CUS00407,3469 North Par Court,34
ORD00196,2023-02-01,10:34:57,CUS00293,4604 West 19th Court,48
ORD00197,2023-02-01,15:55:12,CUS00133,11 Alden Court,33
ORD00198,2023-02-01,14:53:43,CUS00445,4300 Woodley Square,15
ORD00199,2023-02-01,11:52:10,CUS00320,7010 Fulton Court,55
ORD00200,2023-02-01,13:13:13,CUS00260,12816 West 65th Way,36
ORD00201,2023-02-01,16:08:09,CUS00180,3104 Southwest 46th Street,15
ORD00202,2023-02-01,20:59:34,CUS00108,16040 North 67th Drive,46
ORD00203,2023-02-01,12:19:06,CUS00184,126 Sunshine Road,35
ORD00204,2023-02-01,19:05:55,CUS00160,97 Lincoln Street,46
ORD00205,2023-02-01,12:50:18,CUS00420,594 Putnam Avenue,33
ORD00206,2023-02-01,17:12:32,CUS00174,5144 Cattail Court,33
ORD00207,2023-02-01,19:42:37,CUS0010,211 Oak Street,19
ORD00208,2023-02-01,16:53:50,CUS00277,589 East Main Street,36
ORD00209,2023-02-01,14:35:37,CUS00408,24 Lawton Road,32
ORD00210,2023-02-01,19:09:01,CUS00322,1276 Bending Creek Drive,19
ORD00211,2023-02-01,16:50:32,CUS00359,661 West Corinth Road,67
ORD00212,2023-02-01,10:38:55,CUS00373,605 Main Street,35
ORD00213,2023-02-01,19:53:43,CUS00375,2936 State Avenue,0
ORD00214,2023-02-01,20:01:44,CUS00277,589 East Main Street,32
ORD00215,2023-02-01,13:35:32,CUS00108,16040 North 67th Drive,16
ORD00216,2023-02-01,17:58:59,CUS00120,17020 West 64th Drive,18
ORD00217,2023-02-01,18:46:45,CUS00238,306 East Lafayette Street,52
ORD00218,2023-02-01,13:42:04,CUS00319,75 Calfoster Drive,52
ORD00219,2023-02-01,10:52:14,CUS00215,57 Bremer Drive,63
ORD00220,2023-02-01,20:54:06,CUS0093,38 Renwick Road,17
ORD00221,2023-02-01,10:31:44,CUS00352,6208 Ingalls Street,16
ORD00222,2023-02-01,10:33:59,CUS00288,113 Dove Lane,36
ORD00223,2023-02-01,20:19:58,CUS00160,97 Lincoln Street,32
ORD00224,2023-02-01,10:48:47,CUS00427,1429 Harrison Avenue,51
ORD00225,2023-02-01,12:06:54,CUS00440,4418 Signal Hill Road,38
ORD00226,2023-02-01,18:54:44,CUS00112,733 East DeRenne Avenue,48
ORD00227,2023-02-01,11:41:43,CUS00127,1709 Southeast 51st Street,51
ORD00228,2023-02-01,15:52:56,CUS00298,44 Elm Street,34
ORD00229,2023-02-01,16:51:44,CUS00456,1819 14th Avenue,64
ORD00230,2023-02-01,19:15:56,CUS00151,57413 Taku Avenue,48
ORD00231,2023-02-01,12:41:18,CUS00223,4214 Ashleywood Court,54
ORD00232,2023-02-01,15:09:40,CUS00202,6 Little Country Place,38
ORD00233,2023-02-01,11:16:41,CUS00284,8554 Twin Gable Drive,48
ORD00234,2023-02-01,14:46:13,CUS0075,3100 Don Juan Court,34
ORD00235,2023-02-01,16:28:42,CUS00375,2936 State Avenue,46
ORD00236,2023-02-01,11:09:36,CUS0087,501 Holly Avenue,52
ORD00237,2023-02-01,12:10:25,CUS00191,6030 Newland Street,53
ORD00238,2023-02-01,13:22:46,CUS0036,108 East 11th Avenue,65
ORD00239,2023-02-01,14:51:13,CUS00338,2802 US Highway 98,16
ORD00240,2023-02-01,15:36:06,CUS00281,55 Russells Mills Road,70
ORD00241,2023-02-01,16:19:11,CUS00419,3782 North Front Street,64
ORD00242,2023-02-01,16:55:10,CUS00104,2640 8th Avenue,63
ORD00243,2023-02-01,17:13:19,CUS00445,4300 Woodley Square,69
ORD00244,2023-02-01,14:35:01,CUS00465,1481 Stannage Avenue,46
ORD00245,2023-02-01,17:13:16,CUS00243,24 Lawton Road,34
ORD00246,2023-02-01,10:52:46,CUS0084,8121 Copper Creek Drive,18
ORD00247,2023-02-01,16:01:51,CUS0028,3436 Lexington Road,18
ORD00248,2023-02-01,17:57:09,CUS00112,733 East DeRenne Avenue,51
ORD00249,2023-02-01,19:33:07,CUS00474,22825 Paseo Place,20
ORD00250,2023-02-01,10:13:55,CUS00135,16244 Seville Park Circle,33
ORD00251,2023-02-01,16:00:11,CUS00456,1117 Everett Avenue,68
ORD00252,2023-02-01,15:10:09,CUS0011,236 Middle Turnpike East,65
ORD00253,2023-02-01,18:48:53,CUS00260,9506 Civic Way,66
ORD00254,2023-02-01,17:54:15,CUS0022,1122 McDaniel Street,52
ORD00255,2023-02-01,18:56:26,CUS008,3959 Fairlands Drive,17
ORD00256,2023-02-01,16:18:04,CUS00173,7701 Taylor Oaks Circle,32
ORD00257,2023-02-01,17:04:49,CUS00315,6145 East Castro Valley Boulevard,52
ORD00258,2023-02-01,15:14:51,CUS0011,236 Middle Turnpike East,54
ORD00259,2023-02-01,15:24:34,CUS0011,236 Middle Turnpike East,71
ORD00260,2023-02-01,18:05:47,CUS00164,5 Winslow Circle,33
ORD00261,2023-02-01,11:08:02,CUS00368,77 Weaver Road,18
ORD00262,2023-02-01,18:53:17,CUS00441,1010 M Street Northwest,52
ORD00263,2023-02-01,19:47:52,CUS0023,712 Wilsonwood Place,35
ORD00264,2023-02-01,14:43:59,CUS00442,7966 Chase Circle,34
ORD00265,2023-02-01,16:59:21,CUS0020,905 C Street Northeast,53
ORD00266,2023-02-01,18:48:12,CUS00324,16031 West 63rd Lane,34
ORD00267,2023-02-01,20:16:48,CUS0044,664 Irving Street Northwest,67
ORD00268,2023-02-01,14:26:35,CUS00304,270 Chrissy's Court,71
ORD00269,2023-02-01,17:17:36,CUS00176,1627 Connecticut Avenue Northwest,31
ORD00270,2023-02-01,15:22:44,CUS00254,118 Pearl Street,51
ORD00271,2023-02-01,15:54:39,CUS0052,43 Henderson Avenue,50
ORD00272,2023-02-01,14:21:24,CUS00477,134 Butternut Road,33
ORD00273,2023-02-01,16:00:29,CUS00368,77 Weaver Road,34
ORD00274,2023-02-01,13:06:59,CUS00198,180 Intervale Avenue,19
ORD00275,2023-02-01,13:47:17,CUS00320,7010 Fulton Court,68
ORD00276,2023-02-01,17:14:59,CUS00335,562 South Pierremont Drive,52
ORD00277,2023-02-01,17:26:54,CUS00144,7901 West 52nd Avenue,0
ORD00278,2023-02-01,20:50:13,CUS0018,108 East 11th Avenue,15
ORD00279,2023-02-01,18:16:29,CUS0024,5581 Nolan Street,70
ORD00280,2023-02-01,18:22:00,CUS0057,421 West 1st Avenue,17
ORD00281,2023-02-01,19:50:49,CUS00359,661 West Corinth Road,19
ORD00282,2023-02-01,17:01:30,CUS00203,7256 West 84th Way,35
ORD00283,2023-02-01,17:41:34,CUS00305,2044 Bullard Street,15
ORD00284,2023-02-01,11:54:30,CUS00321,307 Joel Street,32
ORD00285,2023-02-01,10:33:30,CUS00315,6145 East Castro Valley Boulevard,20
ORD00286,2023-02-01,16:08:43,CUS00122,474 Merritt Avenue,36
ORD00287,2023-02-01,14:25:39,CUS00381,1649 Timberridge Court,34
ORD00288,2023-02-01,18:31:51,CUS00176,1627 Connecticut Avenue Northwest,52
ORD00289,2023-02-01,11:21:26,CUS00260,9506 Civic Way,20
ORD00290,2023-02-01,17:42:13,CUS00427,1429 Harrison Avenue,69
ORD00291,2023-02-01,13:19:16,CUS00347,410 Fairlea Drive,15
ORD00292,2023-02-01,15:56:43,CUS00156,7966 Chase Circle,17
ORD00293,2023-02-01,14:13:27,CUS0029,1906 Palmetto Avenue,38
ORD00294,2023-02-01,11:36:03,CUS00364,200 Hialeah Drive,66
ORD00295,2023-02-01,10:49:38,CUS00357,4039 Pipeline Road,18
ORD00296,2023-02-01,16:47:43,CUS00321,307 Joel Street,18
ORD00297,2023-02-01,16:02:07,CUS00425,328 Missouri Avenue Northwest,31
ORD00298,2023-02-01,11:55:51,CUS0042,1744 Shoreham Drive,46
ORD00299,2023-02-01,16:01:48,CUS00357,4039 Pipeline Road,68
ORD00300,2023-02-01,11:04:45,CUS00385,4316 Sunnybrook Drive,34
ORD00301,2023-02-01,20:13:11,CUS00337,152 Holly Court,17
ORD00302,2023-02-01,13:40:13,CUS0093,38 Renwick Road,50
ORD00303,2023-02-01,15:28:11,CUS0092,3147 West Old Farmington Road,33
ORD00304,2023-02-01,12:44:10,CUS00123,135 Northshore Drive,52
ORD00305,2023-02-01,16:58:53,CUS00187,32 Country Club Boulevard,16
ORD00306,2023-02-01,15:00:41,CUS00132,1823 North Munchkin Lane,36
ORD00307,2023-02-01,11:23:04,CUS00406,7717 Everett Street,33
ORD00308,2023-02-01,13:28:10,CUS00104,2640 8th Avenue,15
ORD00309,2023-02-01,20:10:09,CUS00340,3620 Bentfield Drive,68
ORD00310,2023-02-01,18:01:34,CUS00151,34 Free Street,19
ORD00311,2023-02-01,20:42:10,CUS0092,3147 West Old Farmington Road,66
ORD00312,2023-02-01,16:04:36,CUS00218,2409 Research Boulevard,15
ORD00313,2023-02-01,20:39:22,CUS0039,6702 Johnny Mercer Boulevard,34
ORD00314,2023-02-01,18:08:37,CUS00140,13531 West 72nd Drive,33
ORD00315,2023-02-01,14:00:20,CUS0064,36043 Soapberry Commons,31
ORD00316,2023-02-01,17:15:17,CUS0097,115 Waddell Road,19
ORD00317,2023-02-01,11:25:11,CUS0066,386 Pratt Road,46
ORD00318,2023-02-01,18:37:28,CUS00247,804 Old Coach Place,45
ORD00319,2023-02-01,10:43:57,CUS00109,21 Glenoak Lane Northwest,65
ORD00320,2023-02-01,16:34:24,CUS0024,5581 Nolan Street,38
ORD00321,2023-02-01,12:28:46,CUS0083,227 West Montgomery Cross Road,18
ORD00322,2023-02-01,14:40:44,CUS00418,913 Fallview Trail,18
ORD00323,2023-02-01,11:51:45,CUS0022,1405 Monroe Street Northeast,67
ORD00324,2023-02-01,13:05:13,CUS00299,4316 Sunnybrook Drive,72
ORD00325,2023-02-01,11:06:30,CUS00351,6262 29th Street Northwest,68
ORD00326,2023-02-01,18:44:39,CUS00288,1954 Wilson Court,15
ORD00327,2023-02-01,16:52:37,CUS00475,3340 Woodpark Drive,48
ORD00328,2023-02-01,20:49:16,CUS00166,36 Saint Ives Drive,50
ORD00329,2023-02-01,15:07:55,CUS003,519 West 75th Avenue,52
ORD00330,2023-02-01,19:27:18,CUS00480,3 Mad Anthony Lane,20
ORD00331,2023-02-01,19:42:44,CUS00294,5119 West Columbine Drive,54
ORD00332,2023-02-01,17:10:29,CUS0079,11 Water Street,17
ORD00333,2023-02-01,18:34:20,CUS00394,517 Copperfield Way,15
ORD00334,2023-02-01,17:53:21,CUS00330,682 Brighton Way,67
ORD00335,2023-02-01,18:28:07,CUS00163,5514 West Wedington Drive,69
ORD00336,2023-02-01,17:35:14,CUS0048,144 Lauderdale Street,20
ORD00337,2023-02-01,11:34:24,CUS00238,11 North Vineyard Drive,62
ORD00338,2023-02-01,20:45:30,CUS00285,2543 The Meadows,55
ORD00339,2023-02-01,12:37:25,CUS00432,2538 East 40th Plaza,70
ORD00340,2023-02-01,19:21:23,CUS00190,5470 Atlanta Highway,51
ORD00341,2023-02-01,10:28:16,CUS00322,1276 Bending Creek Drive,17
ORD00342,2023-02-01,14:15:08,CUS0027,33 Pond Avenue,19
ORD00343,2023-02-01,14:08:39,CUS00467,401 East Northern Lights Boulevard,47
ORD00344,2023-02-01,11:43:15,CUS00225,5614 Kipling Parkway,49
ORD00345,2023-02-01,17:57:21,CUS0035,7102 North 43rd Avenue,32
ORD00346,2023-02-01,15:01:30,CUS00138,100 East Joyce Boulevard,50
ORD00347,2023-02-01,19:43:54,CUS00464,632 North Pine Street,15
ORD00348,2023-02-01,15:37:05,CUS0017,77 Shadow Brook Estates,32
ORD00349,2023-02-01,16:24:23,CUS00470,8785 Ellis Court,33
ORD00350,2023-02-01,14:01:02,CUS00313,5113 Southeast 51st Street,34
ORD00351,2023-02-01,19:02:33,CUS00372,3313 East Tecumseh Road,67
ORD00352,2023-02-01,14:11:32,CUS0017,77 Shadow Brook Estates,34
ORD00353,2023-02-01,14:51:29,CUS00375,2936 State Avenue,63
ORD00354,2023-02-01,17:16:09,CUS00167,1211 Castine Court,32
ORD00355,2023-02-01,19:32:31,CUS00420,1636 Briarview Court,31
ORD00356,2023-02-01,19:39:46,CUS00189,4132 Northwest 57th Street,19
ORD00357,2023-02-01,17:55:11,CUS00359,661 West Corinth Road,47
ORD00358,2023-02-01,20:13:11,CUS00104,2640 8th Avenue,55
ORD00359,2023-02-01,13:11:40,CUS0075,3100 Don Juan Court,52
ORD00360,2023-02-01,17:37:50,CUS0096,17794 West 77th Lane,68
ORD00361,2023-02-01,18:02:26,CUS00438,2505 Walker Lane,30
ORD00362,2023-02-01,17:02:55,CUS0034,1407 Walden Court,46
ORD00363,2023-02-01,16:20:03,CUS0061,7453 West Melinda Lane,31
ORD00364,2023-02-01,10:18:07,CUS00215,57 Bremer Drive,66
ORD00365,2023-02-01,10:09:55,CUS00401,2506 West Madison Street,0
ORD00366,2023-02-01,15:38:48,CUS00178,7416 West Maryland Avenue,15
ORD00367,2023-02-01,11:45:48,CUS00310,5712 Saulsbury Street,66
ORD00368,2023-02-01,18:37:06,CUS00399,2732 Humboldt Avenue,17
ORD00369,2023-02-01,17:44:14,CUS00224,10654 North 60th Avenue,48
ORD00370,2023-02-01,14:08:50,CUS00118,145 Grau Drive,72
ORD00371,2023-02-01,15:05:03,CUS00132,1823 North Munchkin Lane,35
ORD00372,2023-02-01,16:38:43,CUS00465,1481 Stannage Avenue,0
ORD00373,2023-02-01,19:37:57,CUS00156,7966 Chase Circle,19
ORD00374,2023-02-01,18:25:27,CUS00233,404 Ramble Wood Circle,54
ORD00375,2023-02-01,19:59:46,CUS00160,97 Lincoln Street,34
ORD00376,2023-02-01,11:08:29,CUS00306,1954 Hilltop Road,32
ORD00377,2023-02-01,13:46:44,CUS00334,197 Oak Street,32
ORD00378,2023-02-01,19:10:11,CUS00184,126 Sunshine Road,53
ORD00379,2023-02-01,17:09:07,CUS00347,410 Fairlea Drive,51
ORD00380,2023-02-01,17:10:42,CUS00366,7192 West Topeka Drive,16
ORD00381,2023-02-01,13:50:06,CUS00144,171 Brickhill Circle,36
ORD00382,2023-02-01,12:48:38,CUS00336,705 Upshur Street Northwest,33
ORD00383,2023-02-01,16:10:13,CUS00317,5104 West Tierra Buena Lane,31
ORD00384,2023-02-01,11:05:18,CUS009,100 Lake Forest Drive,15
ORD00385,2023-02-01,15:03:04,CUS00137,3008 Russell Street,33
ORD00386,2023-02-01,12:08:18,CUS00283,1650 North Sang Avenue,53
ORD00387,2023-02-01,16:00:07,CUS00111,1911 East 58th Avenue,37
ORD00388,2023-02-01,13:36:34,CUS00121,404 Middle Turnpike West,51
ORD00389,2023-02-01,20:28:37,CUS00295,3079 North Bentley Ridge,33
ORD00390,2023-02-01,18:11:47,CUS00321,307 Joel Street,68
ORD00391,2023-02-01,14:59:05,CUS00416,140 West Cooper Avenue,50
ORD00392,2023-02-01,16:55:23,CUS0026,10826 Pointe Royal Drive,51
ORD00393,2023-02-01,19:20:54,CUS00290,32 Amsden Street,34
ORD00394,2023-02-01,18:37:21,CUS00262,2505 Southwest 43rd Street,32
ORD00395,2023-02-01,14:00:57,CUS00311,13005 Mills Edge Court,15
ORD00396,2023-02-01,18:41:13,CUS00165,4924 West 65th Avenue,52
ORD00397,2023-02-01,17:12:20,CUS00354,1420 12th Street Northwest,16
ORD00398,2023-02-01,12:18:15,CUS00379,5415 Frank Hough Road,17
ORD00399,2023-02-01,17:36:38,CUS0042,1744 Shoreham Drive,17
ORD00400,2023-02-01,10:51:29,CUS00331,345 Buckland Hills Drive,37
ORD00401,2023-02-01,13:40:26,CUS00188,2936 State Avenue,68
ORD00402,2023-02-01,14:42:15,CUS00268,713 Flight Avenue,34
ORD00403,2023-02-01,15:40:48,CUS00345,1110 Okie Street Northeast,15
ORD00404,2023-02-01,16:36:20,CUS00183,95 Westbourne Way,17
ORD00405,2023-02-01,16:49:49,CUS00289,37 Kensington Street,53
ORD00406,2023-02-01,13:07:05,CUS00465,1481 Stannage Avenue,33
ORD00407,2023-02-01,19:25:15,CUS00184,126 Sunshine Road,34
ORD00408,2023-02-01,16:05:56,CUS00354,1420 12th Street Northwest,49
ORD00409,2023-02-01,14:43:25,CUS0071,257 Broadway,32
ORD00410,2023-02-01,16:11:23,CUS00289,37 Kensington Street,68
ORD00411,2023-02-01,20:46:35,CUS00456,1819 14th Avenue,54
ORD00412,2023-02-01,19:22:09,CUS0029,1906 Palmetto Avenue,34
ORD00413,2023-02-01,16:27:44,CUS00437,945 South 5th Street,33
ORD00414,2023-02-01,16:59:27,CUS00240,3420 Horseshoe Circle,54
ORD00415,2023-02-01,18:47:03,CUS00331,345 Buckland Hills Drive,67
ORD00416,2023-02-01,15:24:14,CUS00308,4300 Soquel Drive,70
ORD00417,2023-02-01,10:28:49,CUS00388,40 Highwood Drive,35
ORD00418,2023-02-01,12:14:22,CUS0038,324 Martin Luther King Junior Boulevard,52
ORD00419,2023-02-01,10:21:02,CUS00318,31130 Meadowbrook Avenue,68
ORD00420,2023-02-01,10:52:51,CUS00149,26 Wetherell Street,38
ORD00421,2023-02-01,10:10:21,CUS00263,646 Clinton Street,17
ORD00422,2023-02-01,20:10:27,CUS00306,1954 Hilltop Road,33
ORD00423,2023-02-01,17:38:44,CUS00455,1 Tanaquay Court,53
ORD00424,2023-02-01,12:13:59,CUS0020,905 C Street Northeast,47
ORD00425,2023-02-01,16:50:44,CUS00241,43 Howarth Avenue,32
ORD00426,2023-02-01,16:30:02,CUS0076,1156 Greenhill Road,30
ORD00427,2023-02-01,19:20:18,CUS00257,7296 West Wedington Drive,15
ORD00428,2023-02-01,19:58:51,CUS00361,23 Whitcomb Street,63
ORD00429,2023-02-01,14:51:43,CUS00303,1903 Bashford Manor Lane,48
ORD00430,2023-02-01,10:57:37,CUS00269,9134 Brook Park Drive,16
ORD00431,2023-02-01,19:44:00,CUS0027,33 Pond Avenue,35
ORD00432,2023-02-01,19:39:13,CUS00260,12816 West 65th Way,31
ORD00433,2023-02-01,10:13:48,CUS00416,140 West Cooper Avenue,34
ORD00434,2023-02-01,12:07:11,CUS00309,3436 Lexington Road,51
ORD00435,2023-02-01,12:00:36,CUS00362,31130 Meadowbrook Avenue,48
ORD00436,2023-02-01,15:34:50,CUS00311,13005 Mills Edge Court,50
ORD00437,2023-02-01,14:14:16,CUS0082,984 Greendale Avenue,15
ORD00438,2023-02-01,18:32:39,CUS0071,257 Broadway,33
ORD00439,2023-02-01,19:46:26,CUS00342,9403 Fairground Road,63
ORD00440,2023-02-01,15:01:20,CUS00314,5125 North 58th Avenue,66
ORD00441,2023-02-01,14:06:43,CUS0023,712 Wilsonwood Place,19
ORD00442,2023-02-01,15:45:36,CUS00193,328 Missouri Avenue Northwest,31
ORD00443,2023-02-01,16:01:44,CUS00416,140 West Cooper Avenue,71
ORD00444,2023-02-01,18:31:49,CUS00419,3782 North Front Street,0
ORD00445,2023-02-01,14:50:34,CUS0043,1818 Bay Street,16
ORD00446,2023-02-01,17:35:17,CUS0037,152 Teddy Drive,64
ORD00447,2023-02-01,14:58:23,CUS00457,8320 Cloud Street,16
ORD00448,2023-02-01,20:43:05,CUS00152,52 Park Street,17
ORD00449,2023-02-01,13:21:58,CUS00446,3505 Richmond Avenue,53
ORD00450,2023-02-01,13:36:09,CUS00273,1347 Blackwalnut Court,49
ORD00451,2023-02-01,18:52:04,CUS00235,8934 Arrowrock Trail,47
ORD00452,2023-02-01,13:42:36,CUS00218,1485 Hampshire Hollow Road,48
ORD00453,2023-02-01,13:28:38,CUS00237,3179 18th Street Northwest,66
ORD00454,2023-02-01,11:35:37,CUS00285,2543 The Meadows,30
ORD00455,2023-02-01,20:35:17,CUS00429,60 Willow Lakes Drive,48
ORD00456,2023-02-01,16:53:58,CUS00109,21 Glenoak Lane Northwest,74
ORD00457,2023-02-01,18:07:40,CUS00292,3138 Banneker Drive Northeast,17
ORD00458,2023-02-01,19:53:52,CUS00327,809 Blue Ridge Drive,50
ORD00459,2023-02-01,14:21:20,CUS00250,814 Keswick Boulevard,20
ORD00460,2023-02-01,13:27:46,CUS0045,312 Shepherd Hills Drive,47
ORD00461,2023-02-01,14:47:55,CUS00236,1842 West Park Place,51
ORD00462,2023-02-01,20:21:37,CUS00228,57 Pierpoint Avenue,35
ORD00463,2023-02-01,11:50:46,CUS00412,5529 East Saddleridge Drive,50
ORD00464,2023-02-01,20:54:59,CUS00318,31130 Meadowbrook Avenue,33
ORD00465,2023-02-01,12:32:21,CUS00428,1238 Roanwood Way,19
ORD00466,2023-02-01,15:42:16,CUS0094,8202 4 Winds Drive,15
ORD00467,2023-02-01,18:27:07,CUS009,4039 Pipeline Road,52
ORD00468,2023-02-01,12:15:16,CUS00111,1911 East 58th Avenue,49
ORD00469,2023-02-01,11:04:22,CUS0021,1417 Stoneykirk Road,50
ORD00470,2023-02-01,19:52:37,CUS00434,8752 Pierce Way,34
ORD00471,2023-02-01,16:11:30,CUS00411,110 Central Junction Boulevard,20
ORD00472,2023-02-01,12:56:51,CUS00315,1780 Poplar Ridge Road,16
ORD00473,2023-02-01,20:43:52,CUS00275,3404 Lakeside Drive,31
ORD00474,2023-02-01,14:18:15,CUS00199,3013 Sprowl Road,35
ORD00475,2023-02-01,11:08:21,CUS00209,6902 West Sherri Jean Lane,64
ORD00476,2023-02-01,11:24:18,CUS0094,7613 Yule Court,33
ORD00477,2023-02-01,19:43:23,CUS00419,3782 North Front Street,17
ORD00478,2023-02-01,15:27:43,CUS00199,3013 Sprowl Road,16
ORD00479,2023-02-01,18:53:40,CUS00152,52 Park Street,65
ORD00480,2023-02-01,15:57:28,CUS00357,4039 Pipeline Road,35
ORD00481,2023-02-01,13:58:39,CUS00280,2310 Donleigh Court,15
ORD00482,2023-02-01,17:29:32,CUS0015,303 Addison Drive,18
ORD00483,2023-02-01,14:23:45,CUS00120,17020 West 64th Drive,67
ORD00484,2023-02-01,12:06:48,CUS0038,324 Martin Luther King Junior Boulevard,36
ORD00485,2023-02-01,19:37:26,CUS0013,45 Baldridge Road,50
ORD00486,2023-02-01,19:11:16,CUS0068,16133 Hillsborough Boulevard,19
ORD00487,2023-02-01,13:35:00,CUS00174,5144 Cattail Court,15
ORD00488,2023-02-01,12:08:25,CUS00148,7237 Wild Currant Way,53
ORD00489,2023-02-01,10:55:43,CUS009,4039 Pipeline Road,70
ORD00490,2023-02-01,13:03:20,CUS00319,75 Calfoster Drive,33
ORD00491,2023-02-01,19:15:12,CUS00377,1136 Northwest 31st Street,16
ORD00492,2023-02-01,17:08:00,CUS00130,30 Curtis Road,17
ORD00493,2023-02-01,17:27:51,CUS0010,211 Oak Street,37
ORD00494,2023-02-01,18:46:50,CUS00108,16040 North 67th Drive,68
ORD00495,2023-02-01,15:21:35,CUS00186,7030 West Krall Street,15
ORD00496,2023-02-01,17:27:13,CUS00237,3179 18th Street Northwest,34
ORD00497,2023-02-01,13:05:23,CUS00291,33 Chesapeake Mobile Court,16
ORD00498,2023-02-01,10:34:18,CUS00143,1622 Edgar D Nixon Avenue,52
ORD00499,2023-02-01,17:58:52,CUS00376,1819 Q Street Southeast,52
ORD00500,2023-02-01,15:39:28,CUS0013,45 Baldridge Road,63
ORD00501,2023-02-01,16:24:20,CUS0088,6228 West Larkspur Drive,15
ORD00502,2023-02-01,10:45:18,CUS00196,5116 Feys Court,64
ORD00503,2023-02-01,10:03:17,CUS00242,1801 Dodge Trail,34
ORD00504,2023-02-01,12:32:39,CUS0064,36043 Soapberry Commons,32
ORD00505,2023-02-01,12:22:30,CUS0071,257 Broadway,35
ORD00506,2023-02-01,11:25:05,CUS0019,63 Columbia Drive,34
ORD00507,2023-02-01,16:15:11,CUS00359,661 West Corinth Road,50
ORD00508,2023-02-01,13:47:43,CUS00164,5 Winslow Circle,69
ORD00509,2023-02-01,16:58:57,CUS00100,151 Main Street,18
ORD00510,2023-02-01,13:33:13,CUS00433,650 Malvern Street,32
ORD00511,2023-02-01,16:25:22,CUS0032,309 Brooke Court,46
ORD00512,2023-02-01,19:29:33,CUS0018,108 East 11th Avenue,56
ORD00513,2023-02-01,15:14:29,CUS00433,650 Malvern Street,18
ORD00514,2023-02-01,11:22:19,CUS0086,249 Progress Drive,68
ORD00515,2023-02-01,20:04:28,CUS00276,44 Colonial Road,50
ORD00516,2023-02-01,10:26:22,CUS0053,1259 Everett Avenue,49
ORD00517,2023-02-01,12:08:25,CUS00386,743 East 9th Avenue,69
ORD00518,2023-02-01,11:06:12,CUS00186,7030 West Krall Street,19
ORD00519,2023-02-01,13:58:31,CUS00278,49 West Street,38
ORD00520,2023-02-01,19:00:53,CUS00180,3104 Southwest 46th Street,48
ORD00521,2023-02-01,10:32:40,CUS00420,594 Putnam Avenue,72
ORD00522,2023-02-01,16:23:22,CUS00382,6740 Dickerson Drive,33
ORD00523,2023-02-01,16:17:25,CUS00121,404 Middle Turnpike West,50
ORD00524,2023-02-01,13:04:37,CUS005,8666 Iris Street,32
ORD00525,2023-02-01,11:16:44,CUS00349,18713 Shilstone Way,63
ORD00526,2023-02-01,20:38:14,CUS00401,2506 West Madison Street,49
ORD00527,2023-02-01,16:40:46,CUS00215,57 Bremer Drive,47
ORD00528,2023-02-01,16:47:19,CUS0049,1217 Bay Street,31
ORD00529,2023-02-01,17:10:02,CUS00335,562 South Pierremont Drive,32
ORD00530,2023-02-01,12:46:41,CUS00410,238 West Rock Street,40
ORD00531,2023-02-01,17:11:41,CUS0079,11 Water Street,61
ORD00532,2023-02-01,20:15:52,CUS00107,154 Byrd Drive,54
ORD00533,2023-02-01,13:52:30,CUS0039,6702 Johnny Mercer Boulevard,65
ORD00534,2023-02-01,12:01:01,CUS00237,3179 18th Street Northwest,51
ORD00535,2023-02-01,13:26:31,CUS00220,214 South End Road,52
ORD00536,2023-02-01,20:52:47,CUS0096,6095 Terry Lane,64
ORD00537,2023-02-01,17:41:55,CUS00345,1110 Okie Street Northeast,71
ORD00538,2023-02-01,18:44:26,CUS00324,23 North Hill Street,18
ORD00539,2023-02-01,12:33:24,CUS00276,44 Colonial Road,53
ORD00540,2023-02-01,12:03:33,CUS00133,11 Alden Court,71
ORD00541,2023-02-01,19:04:37,CUS00155,702 Plantation Circle,32
ORD00542,2023-02-01,20:11:17,CUS00386,743 East 9th Avenue,70
ORD00543,2023-02-01,11:28:19,CUS00433,595 West 54th Street,32
ORD00544,2023-02-01,14:14:49,CUS0019,63 Columbia Drive,49
ORD00545,2023-02-01,17:37:24,CUS00250,814 Keswick Boulevard,69
ORD00546,2023-02-01,12:54:16,CUS00415,1238 Roanwood Way,37
ORD00547,2023-02-01,17:11:15,CUS0062,124 Rod Key Street,64
ORD00548,2023-02-01,12:34:16,CUS00115,2230 Armstrong Drive,67
ORD00549,2023-02-01,11:01:35,CUS00454,1313 North Road,64
ORD00550,2023-02-01,18:55:42,CUS0068,16133 Hillsborough Boulevard,33
ORD00551,2023-02-01,14:19:30,CUS00295,3079 North Bentley Ridge,68
ORD00552,2023-02-01,19:12:06,CUS0051,113 Dove Lane,52
ORD00553,2023-02-01,19:42:48,CUS00202,6 Little Country Place,34
ORD00554,2023-02-01,20:38:30,CUS00142,218 Durham Park Way,66
ORD00555,2023-02-01,14:14:13,CUS00376,1819 Q Street Southeast,16
ORD00556,2023-02-01,10:49:57,CUS00186,7030 West Krall Street,16
ORD00557,2023-02-01,11:59:18,CUS00198,9827 Davenport Avenue,55
ORD00558,2023-02-01,14:26:50,CUS00103,451 East Street,16
ORD00559,2023-02-01,10:28:38,CUS00147,5 Westlund Avenue,49
ORD00560,2023-02-01,10:29:48,CUS00424,99 Pond Avenue,63
ORD00561,2023-02-01,13:41:47,CUS00261,1528 Stafford Avenue,32
ORD00562,2023-02-01,15:42:17,CUS0081,421 Madison Street Northeast,55
ORD00563,2023-02-01,20:39:24,CUS00350,12061 Johns Road,67
ORD00564,2023-02-01,16:05:25,CUS0067,25800 Industrial Boulevard,69
ORD00565,2023-02-01,16:36:54,CUS00208,653 Stratton Arlington Road,49
ORD00566,2023-02-01,18:19:01,CUS0034,1407 Walden Court,62
ORD00567,2023-02-01,15:28:39,CUS0086,249 Progress Drive,49
ORD00568,2023-02-01,15:28:21,CUS00472,93 Hamlin Street,17
ORD00569,2023-02-01,15:30:14,CUS00181,28 Wilfred Road,51
ORD00570,2023-02-01,13:43:27,CUS00474,22825 Paseo Place,69
ORD00571,2023-02-01,13:58:32,CUS00180,3104 Southwest 46th Street,45
ORD00572,2023-02-01,15:39:17,CUS00256,1811 1st Street Northwest,50
ORD00573,2023-02-01,18:29:44,CUS00108,16040 North 67th Drive,48
ORD00574,2023-02-01,12:43:39,CUS00216,6710 Quay Street,19
ORD00575,2023-02-01,15:30:54,CUS00156,7966 Chase Circle,20
ORD00576,2023-02-01,12:21:21,CUS00321,307 Joel Street,33
ORD00577,2023-02-01,15:22:39,CUS00142,218 Durham Park Way,67
ORD00578,2023-02-01,18:46:46,CUS00460,5549 West Hearn Road,30
ORD00579,2023-02-01,10:37:12,CUS00322,1276 Bending Creek Drive,63
ORD00580,2023-02-01,20:01:04,CUS00465,1481 Stannage Avenue,49
ORD00581,2023-02-01,12:44:55,CUS00382,6740 Dickerson Drive,17
ORD00582,2023-02-01,19:35:40,CUS0058,147 Willow Ridge Lane,16
ORD00583,2023-02-01,10:33:48,CUS00411,110 Central Junction Boulevard,51
ORD00584,2023-02-01,12:29:36,CUS00171,103 Edgewater Road,31
ORD00585,2023-02-01,10:25:01,CUS00126,1227 Aaron Street,70
ORD00586,2023-02-01,15:41:59,CUS00243,2707 Eden Street,0
ORD00587,2023-02-01,14:53:45,CUS00147,5 Westlund Avenue,34
ORD00588,2023-02-01,11:20:50,CUS0041,13066 North 56th Avenue,19
ORD00589,2023-02-01,10:15:01,CUS0055,5614 Kipling Parkway,66
ORD00590,2023-02-01,11:05:39,CUS00100,151 Main Street,36
ORD00591,2023-02-01,17:15:36,CUS00365,4455 West 61st Place,52
ORD00592,2023-02-01,19:49:22,CUS00178,1628 Button Bay Road,68
ORD00593,2023-02-01,20:39:56,CUS00132,1823 North Munchkin Lane,31
ORD00594,2023-02-01,17:24:24,CUS00470,8785 Ellis Court,51
ORD00595,2023-02-01,17:17:36,CUS00396,1841 Logan Street,18
ORD00596,2023-02-01,18:12:07,CUS00428,7106 Bear Creek Drive,67
ORD00597,2023-02-01,18:38:47,CUS00288,1954 Wilson Court,63
ORD00598,2023-02-01,17:58:10,CUS008,3959 Fairlands Drive,49
ORD00599,2023-02-01,10:02:29,CUS0091,10110 Landwood Drive,31
ORD00600,2023-02-01,13:02:20,CUS00263,8752 Pierce Way,19
ORD00601,2023-02-01,14:13:40,CUS00426,70 Orchard Shore Road,31
ORD00602,2023-02-01,15:35:26,CUS00393,4339 Benning Road Northeast,32
ORD00603,2023-02-01,12:55:48,CUS0059,15082 North 59th Avenue,17
ORD00604,2023-02-01,19:53:35,CUS00326,16205 Wind Crest Way,37
ORD00605,2023-02-01,14:23:21,CUS00276,44 Colonial Road,34
ORD00606,2023-02-01,16:35:26,CUS0086,249 Progress Drive,65
ORD00607,2023-02-01,14:57:57,CUS0044,664 Irving Street Northwest,33
ORD00608,2023-02-01,11:27:14,CUS00275,3404 Lakeside Drive,15
ORD00609,2023-02-01,10:35:52,CUS0014,127 Grand Heron Drive,0
ORD00610,2023-02-01,18:07:08,CUS00450,233 Ingraham Street Northwest,53
ORD00611,2023-02-01,19:15:30,CUS00430,23622 Greatland Drive,71
ORD00612,2023-02-01,10:37:46,CUS00302,5938 Laguna Honda Street,15
ORD00613,2023-02-01,20:49:16,CUS00248,31 Baileys Mills Road,32
ORD00614,2023-02-01,11:51:16,CUS0096,17794 West 77th Lane,15
ORD00615,2023-02-01,12:54:01,CUS00259,5156 South Dakota Avenue Northeast,49
ORD00616,2023-02-01,15:42:50,CUS00322,1276 Bending Creek Drive,34
ORD00617,2023-02-01,18:04:42,CUS00425,328 Missouri Avenue Northwest,15
ORD00618,2023-02-01,17:53:57,CUS00468,3072 The Alameda,40
ORD00619,2023-02-01,11:49:32,CUS00395,2115 Northwest 22nd Street,32
ORD00620,2023-02-01,11:10:58,CUS0081,7725 Ney Avenue,16
ORD00621,2023-02-01,18:56:55,CUS0097,115 Waddell Road,75
ORD00622,2023-02-01,18:24:19,CUS00253,517 Retford Drive,46
ORD00623,2023-02-01,11:26:13,CUS0046,1265 Xavier Avenue,0
ORD00624,2023-02-01,13:49:48,CUS00339,18505 Onyx Avenue,15
ORD00625,2023-02-01,20:39:25,CUS00273,1347 Blackwalnut Court,48
ORD00626,2023-02-01,17:24:22,CUS00313,5113 Southeast 51st Street,16
ORD00627,2023-02-01,14:00:13,CUS00297,104 Bennington Street,32
ORD00628,2023-02-01,15:37:38,CUS00307,2815 Blueridge Place,32
ORD00629,2023-02-01,15:56:24,CUS00391,49 West Street,69
ORD00630,2023-02-01,19:00:21,CUS00403,1124 Jacobs Court,32
ORD00631,2023-02-01,10:17:49,CUS00173,7701 Taylor Oaks Circle,72
ORD00632,2023-02-01,14:51:50,CUS00328,618 Watts Street,67
ORD00633,2023-02-01,10:07:33,CUS00422,96 Green Manor Road,48
ORD00634,2023-02-01,11:58:10,CUS00230,1217 Cottondale Road,31
ORD00635,2023-02-01,16:46:14,CUS00224,10654 North 60th Avenue,0
ORD00636,2023-02-01,19:12:06,CUS00287,2248 South Sutherland Drive,31
ORD00637,2023-02-01,20:59:53,CUS00108,16040 North 67th Drive,17
ORD00638,2023-02-01,20:57:15,CUS00176,1627 Connecticut Avenue Northwest,35
ORD00639,2023-02-01,20:10:25,CUS00460,4 Old Colony Way,49
ORD00640,2023-02-01,15:00:06,CUS0078,17800 Creekwood Lane,17
ORD00641,2023-02-01,16:09:50,CUS00175,491 Arabian Way,68
ORD00642,2023-02-01,19:41:07,CUS00426,938 Elkridge Landing Road,15
ORD00643,2023-02-01,15:06:33,CUS00145,2732 Rosedale Place,32
ORD00644,2023-02-01,15:39:37,CUS0023,712 Wilsonwood Place,69
ORD00645,2023-02-01,15:25:42,CUS00203,7256 West 84th Way,38
ORD00646,2023-02-01,18:13:57,CUS00109,21 Glenoak Lane Northwest,17
ORD00647,2023-02-01,11:29:40,CUS00317,5104 West Tierra Buena Lane,48
ORD00648,2023-02-01,19:11:21,CUS00111,1911 East 58th Avenue,19
ORD00649,2023-02-01,19:21:10,CUS00301,3384 North Southridge Drive,64
ORD00650,2023-02-01,13:44:23,CUS0053,1259 Everett Avenue,19
ORD00651,2023-02-01,16:10:45,CUS00167,1313 Southwest 115th Place,34
ORD00652,2023-02-01,20:07:07,CUS00219,5385 Iris Street,31
ORD00653,2023-02-01,20:17:21,CUS00470,833 South Brownell Road,51
ORD00654,2023-02-01,12:58:03,CUS00147,5 Westlund Avenue,15
ORD00655,2023-02-01,13:58:01,CUS00205,6086 Kennedy Drive,53
ORD00656,2023-02-01,12:23:23,CUS0081,7725 Ney Avenue,50
ORD00657,2023-02-01,13:34:28,CUS0046,1265 Xavier Avenue,19
ORD00658,2023-02-01,17:45:24,CUS00111,7296 West Wedington Drive,20
ORD00659,2023-02-01,15:39:54,CUS0084,8121 Copper Creek Drive,53
ORD00660,2023-02-01,11:50:51,CUS00259,351 Porter Street,17
ORD00661,2023-02-01,18:10:01,CUS00235,8934 Arrowrock Trail,39
ORD00662,2023-02-01,13:04:05,CUS00365,4455 West 61st Place,31
ORD00663,2023-02-01,19:36:05,CUS00210,481 East Redbud Lane,65
ORD00664,2023-02-01,14:58:18,CUS00470,8785 Ellis Court,63
ORD00665,2023-02-01,17:14:46,CUS00330,682 Brighton Way,18
ORD00666,2023-02-01,11:23:37,CUS00103,451 East Street,33
ORD00667,2023-02-01,14:57:05,CUS00468,3072 The Alameda,39
ORD00668,2023-02-01,18:16:34,CUS0052,11 Water Street,18
ORD00669,2023-02-01,14:23:32,CUS00309,46710 Crawford Street,51
ORD00670,2023-02-01,19:21:56,CUS00215,57 Bremer Drive,53
ORD00671,2023-02-01,13:41:52,CUS00335,562 South Pierremont Drive,30
ORD00672,2023-02-01,10:07:29,CUS00379,5415 Frank Hough Road,49
ORD00673,2023-02-01,18:42:55,CUS00205,6086 Kennedy Drive,50
ORD00674,2023-02-01,12:40:31,CUS00414,82 Lookout Mountain Drive,46
ORD00675,2023-02-01,11:14:55,CUS0083,227 West Montgomery Cross Road,31
ORD00676,2023-02-01,20:39:06,CUS00258,7309 Live Oak Court,18
ORD00677,2023-02-01,14:54:22,CUS00348,8521 Crystal Street,34
ORD00678,2023-02-01,16:02:57,CUS00108,16040 North 67th Drive,52
ORD00679,2023-02-01,18:46:44,CUS00345,3394 Wilmington Road,51
ORD00680,2023-02-01,13:11:21,CUS0065,89 Frances Drive,48
ORD00681,2023-02-01,10:23:35,CUS00472,93 Hamlin Street,57
ORD00682,2023-02-01,15:14:18,CUS0031,18713 Shilstone Way,15
ORD00683,2023-02-01,11:20:07,CUS00316,6500 Thurlow Place,54
ORD00684,2023-02-01,10:12:35,CUS00161,20375 Wisteria Street,15
ORD00685,2023-02-01,14:14:30,CUS00194,9101 Vanguard Drive,65
ORD00686,2023-02-01,11:44:39,CUS0056,595 West 15th Street,51
ORD00687,2023-02-01,11:16:03,CUS00349,18713 Shilstone Way,49
ORD00688,2023-02-01,17:10:41,CUS00213,1749 Haleys Hope Court,67
ORD00689,2023-02-01,18:30:15,CUS00326,37608 2nd Street,69
ORD00690,2023-02-01,14:53:53,CUS00301,3384 North Southridge Drive,55
ORD00691,2023-02-01,13:44:20,CUS00209,1255 U.S. Route 5 North,48
ORD00692,2023-02-01,11:10:29,CUS0041,13066 North 56th Avenue,47
ORD00693,2023-02-01,18:56:23,CUS00480,3 Mad Anthony Lane,18
ORD00694,2023-02-01,12:22:16,CUS0099,1508 Massachusetts Avenue Southeast,51
ORD00695,2023-02-01,14:28:59,CUS00365,4455 West 61st Place,16
ORD00696,2023-02-01,16:27:23,CUS00194,1123 Glenwood Avenue,68
ORD00697,2023-02-01,18:49:27,CUS00208,653 Stratton Arlington Road,17
ORD00698,2023-02-01,12:59:36,CUS00147,5 Westlund Avenue,64
ORD00699,2023-02-01,17:13:30,CUS00180,3104 Southwest 46th Street,16
ORD00700,2023-02-01,15:45:27,CUS00275,3404 Lakeside Drive,46
ORD00701,2023-02-01,19:16:48,CUS00409,2636 Knollwood Drive,69
ORD00702,2023-02-01,12:53:04,CUS00428,1238 Roanwood Way,68
ORD00703,2023-02-01,16:09:45,CUS00295,3079 North Bentley Ridge,48
ORD00704,2023-02-01,13:35:29,CUS00179,9605 West 62nd Place,33
ORD00705,2023-02-01,19:26:04,CUS00219,5385 Iris Street,51
ORD00706,2023-02-01,20:38:40,CUS0075,3100 Don Juan Court,63
ORD00707,2023-02-01,17:15:08,CUS00252,73455 Twentynine Palms Highway,18
ORD00708,2023-02-01,13:04:42,CUS00146,903 Burton Avenue,16
ORD00709,2023-02-01,10:17:57,CUS00125,143 Canton Court,67
ORD00710,2023-02-01,17:21:17,CUS00429,60 Willow Lakes Drive,18
ORD00711,2023-02-01,15:07:57,CUS00448,1217 Cottondale Road,15
ORD00712,2023-02-01,14:04:34,CUS00425,328 Missouri Avenue Northwest,15
ORD00713,2023-02-01,18:07:51,CUS00212,4216 Park Boulevard,66
ORD00714,2023-02-01,16:25:36,CUS0062,124 Rod Key Street,52
ORD00715,2023-02-01,14:46:37,CUS00187,1428 Flatwood Court,36
ORD00716,2023-02-01,19:26:05,CUS00432,311 Oak Street,15
ORD00717,2023-02-01,18:22:27,CUS00408,24 Lawton Road,48
ORD00718,2023-02-01,19:22:16,CUS00120,217 West Congress Street,49
ORD00719,2023-02-01,20:53:32,CUS00174,5144 Cattail Court,37
ORD00720,2023-02-01,17:29:30,CUS00363,26 Seaman Circle,62
ORD00721,2023-02-01,20:57:49,CUS00176,1627 Connecticut Avenue Northwest,69
ORD00722,2023-02-01,15:13:35,CUS0056,595 West 15th Street,20
ORD00723,2023-02-01,15:12:00,CUS00162,328 Missouri Avenue Northwest,16
ORD00724,2023-02-01,18:55:35,CUS00319,75 Calfoster Drive,49
ORD00725,2023-02-01,13:42:49,CUS00117,57413 Taku Avenue,34
ORD00726,2023-02-01,16:19:31,CUS00461,1710 Massachusetts Avenue Southeast,16
ORD00727,2023-02-01,13:19:19,CUS00239,13 Riverview Avenue,15
ORD00728,2023-02-01,13:31:35,CUS00429,60 Willow Lakes Drive,15
ORD00729,2023-02-01,15:52:05,CUS00303,1432 Bell Trace Drive,17
ORD00730,2023-02-01,10:12:23,CUS00465,1481 Stannage Avenue,66
ORD00731,2023-02-01,10:31:17,CUS00462,5108 Bass Place Southeast,34
ORD00732,2023-02-01,17:48:42,CUS00223,6140 Fenton Street,68
ORD00733,2023-02-01,19:21:43,CUS00366,7192 West Topeka Drive,49
ORD00734,2023-02-01,17:32:37,CUS00296,115 Saint John Street,36
ORD00735,2023-02-01,14:26:42,CUS00359,661 West Corinth Road,57
ORD00736,2023-02-01,18:07:05,CUS00453,8376 Albacore Drive,31
ORD00737,2023-02-01,12:41:40,CUS005,8666 Iris Street,52
ORD00738,2023-02-01,17:12:16,CUS00379,5415 Frank Hough Road,20
ORD00739,2023-02-01,11:01:12,CUS00139,10383 Eagle River Lane,15
ORD00740,2023-02-01,19:12:02,CUS00100,151 Main Street,19
ORD00741,2023-02-01,10:03:39,CUS00260,12816 West 65th Way,19
ORD00742,2023-02-01,15:25:17,CUS00195,7100 Old Seward Highway,15
ORD00743,2023-02-01,14:33:39,CUS00320,7010 Fulton Court,50
ORD00744,2023-02-01,14:56:52,CUS00296,324 Martin Luther King Junior Boulevard,36
ORD00745,2023-02-01,20:48:01,CUS00143,1007 Ash Street,15
ORD00746,2023-02-01,13:12:50,CUS00394,517 Copperfield Way,64
ORD00747,2023-02-01,18:04:12,CUS00123,135 Northshore Drive,67
ORD00748,2023-02-01,20:11:23,CUS00292,3138 Banneker Drive Northeast,35
ORD00749,2023-02-01,10:58:12,CUS00206,328 South Ranchwood Manor Drive,34
ORD00750,2023-02-01,16:54:11,CUS00235,8934 Arrowrock Trail,48
ORD00751,2023-02-01,17:37:36,CUS00435,2223 North Fernwood Court,50
ORD00752,2023-02-01,11:12:11,CUS00457,8320 Cloud Street,51
ORD00753,2023-02-01,20:49:03,CUS00141,433 Keith Street,65
ORD00754,2023-02-01,11:31:42,CUS00191,6030 Newland Street,30
ORD00755,2023-02-01,14:51:33,CUS00387,14006 Coffee Bluff Road,15
ORD00756,2023-02-01,19:42:29,CUS00458,831 West Center Street,37
ORD00757,2023-02-01,13:58:19,CUS00446,3505 Richmond Avenue,35
ORD00758,2023-02-01,11:55:55,CUS0032,309 Brooke Court,73
ORD00759,2023-02-01,15:25:21,CUS00348,8521 Crystal Street,17
ORD00760,2023-02-01,11:52:43,CUS00371,743 East 9th Avenue,55
ORD00761,2023-02-01,14:22:49,CUS00401,1219 North Storer Avenue,30
ORD00762,2023-02-01,11:44:40,CUS00465,1481 Stannage Avenue,17
ORD00763,2023-02-01,20:42:54,CUS00375,2936 State Avenue,52
ORD00764,2023-02-01,11:14:49,CUS00185,95 Middle Turnpike West,71
ORD00765,2023-02-01,19:07:32,CUS00357,4039 Pipeline Road,32
ORD00766,2023-02-01,14:45:50,CUS00139,10383 Eagle River Lane,52
ORD00767,2023-02-01,11:47:51,CUS0040,841 Whittier Hill Road,70
ORD00768,2023-02-01,11:10:32,CUS0033,7030 Cotton Blossom Lane,49
ORD00769,2023-02-01,17:04:54,CUS0049,1217 Bay Street,48
ORD00770,2023-02-01,12:17:09,CUS0094,7613 Yule Court,51
ORD00771,2023-02-01,19:27:47,CUS0038,324 Martin Luther King Junior Boulevard,46
ORD00772,2023-02-01,18:32:54,CUS00445,4300 Woodley Square,32
ORD00773,2023-02-01,14:14:46,CUS0031,18713 Shilstone Way,17
ORD00774,2023-02-01,19:57:07,CUS005,8666 Iris Street,17
ORD00775,2023-02-01,16:51:08,CUS00459,8070 Holland Court,19
ORD00776,2023-02-01,13:29:57,CUS00179,9605 West 62nd Place,15
ORD00777,2023-02-01,19:02:31,CUS00454,4308 Princess Lane,17
ORD00778,2023-02-01,15:25:52,CUS00319,75 Calfoster Drive,55
ORD00779,2023-02-01,10:58:54,CUS001,2230 Armstrong Drive,53
ORD00780,2023-02-01,17:21:33,CUS0075,3100 Don Juan Court,19
ORD00781,2023-02-01,11:27:13,CUS00268,713 Flight Avenue,62
ORD00782,2023-02-01,20:38:11,CUS0049,1217 Bay Street,67
ORD00783,2023-02-01,20:54:06,CUS00451,502 Main Street,17
ORD00784,2023-02-01,15:26:16,CUS00477,134 Butternut Road,49
ORD00785,2023-02-01,10:55:50,CUS0089,4255 Tanager Common,19
ORD00786,2023-02-01,15:24:07,CUS00136,646 Clinton Street,31
ORD00787,2023-02-01,15:10:51,CUS0052,43 Henderson Avenue,15
ORD00788,2023-02-01,16:51:18,CUS0038,324 Martin Luther King Junior Boulevard,49
ORD00789,2023-02-01,14:16:28,CUS00435,4333 Catherine Street,17
ORD00790,2023-02-01,18:07:48,CUS00236,1842 West Park Place,18
ORD00791,2023-02-01,18:56:48,CUS00367,1745 T Street Southeast,15
ORD00792,2023-02-01,14:16:22,CUS0075,3100 Don Juan Court,72
ORD00793,2023-02-01,15:59:19,CUS00225,5614 Kipling Parkway,19
ORD00794,2023-02-01,14:09:22,CUS00216,6710 Quay Street,47
ORD00795,2023-02-01,15:54:49,CUS0049,1217 Bay Street,67
ORD00796,2023-02-01,17:46:37,CUS0017,77 Shadow Brook Estates,66
ORD00797,2023-02-01,12:30:49,CUS00315,6145 East Castro Valley Boulevard,15
ORD00798,2023-02-01,10:24:47,CUS00356,2036 Gorgas Street,55
ORD00799,2023-02-01,20:13:08,CUS0053,1259 Everett Avenue,76
ORD00800,2023-02-01,12:45:45,CUS00235,8934 Arrowrock Trail,65
ORD00801,2023-02-01,10:39:22,CUS00308,4300 Soquel Drive,38
ORD00802,2023-02-01,10:22:29,CUS0030,388 East Main Street,15
ORD00803,2023-02-01,20:53:36,CUS00282,15010 North 59th Avenue,15
ORD00804,2023-02-01,13:46:20,CUS00345,3394 Wilmington Road,34
ORD00805,2023-02-01,14:16:30,CUS00239,13 Riverview Avenue,30
ORD00806,2023-02-01,18:41:04,CUS00415,1544 Kenilworth Avenue Northeast,0
